{





  
    "name": "ICPLM",
    "value": 1523,
    "children": [
      
      {
        "data": [
          [
            -22.863193596686074,
            -9.68947813957724,
            5.939176175032373,
            15.627369514808958,
            15.82817923604336,
            8.922634721369391,
            0.5901488783175433,
            -4.662778368299951,
            -5.36799104553708,
            -2.6093216253585743,
            1.6178525074472918,
            5.398494364437314,
            6.524727378535273,
            3.8318905241297863,
            -1.3712627999895752,
            -6.5280328223385435
          ],
          [
            -16.608792596812993,
            -7.185737534952591,
            3.7871095315381105,
            9.583686060802442,
            7.906872645735177,
            1.6484388017472664,
            -3.740542728567157,
            -5.046243759994456,
            -2.9884209110676903,
            0.08513784597623575,
            2.5057389028717036,
            3.5320507406643546,
            2.802742839004827,
            0.6123012325627564,
            -1.9890650598995103,
            -3.6287070899870955
          ],
          [
            -7.964696926796991,
            10.43066884879644,
            20.24953768742903,
            17.24790300064122,
            5.576445760677334,
            -6.011469112747265,
            -10.951395073329664,
            -8.43526598693983,
            -1.4096428664723373,
            6.237819468213896,
            11.068678360183789,
            11.472185267455785,
            7.7035413125164025,
            1.4950549579035988,
            -3.905221188540607,
            -5.372296857880537
          ],
          [
            -8.90959886305737,
            -3.1048994302770283,
            2.8002156681799297,
            5.660245057184425,
            5.066711053591996,
            2.20716676066201,
            -0.9399040192192565,
            -2.7246735633753016,
            -2.8838320090273313,
            -1.8641556143387557,
            -0.023117959838548252,
            1.9761568098892923,
            2.9330766307919625,
            2.289158966560246,
            0.8617101662322816,
            -0.22718383049463953
          ],
          [
            -11.780646758472301,
            -5.008868911248178,
            3.5078762831110266,
            8.92373178043341,
            9.223338405886611,
            5.13840585239241,
            -0.3040377215502237,
            -3.9950679593850906,
            -5.080384110181047,
            -4.267228321061403,
            -2.1392963282160142,
            0.6582105548299026,
            2.856476997041182,
            3.610902898666791,
            3.100488443953209,
            1.7457126206671791
          ],
          [
            -7.237055466860292,
            -1.487319054474474,
            3.0563650601890076,
            3.8240255454084418,
            0.8944449356855118,
            -3.2660724915146986,
            -5.6076801776681755,
            -4.826565380819054,
            -1.8837373569585418,
            1.1505262550177262,
            2.5533189415592674,
            1.810646662839468,
            -0.5350500610945739,
            -3.1614894035568177,
            -4.518491553664705,
            -3.9126306429106332
          ],
          [
            -8.266127843310521,
            -0.5157851546571406,
            6.451482605789566,
            9.056017594682613,
            6.788331425055311,
            2.097768288380353,
            -1.626099210741481,
            -2.5993693434675866,
            -1.1055217175784655,
            1.3979748928575004,
            3.443508339708883,
            4.17436148367319,
            3.164422688305321,
            0.8266302159679151,
            -1.6671654630945532,
            -3.2951540401913437
          ],
          [
            -14.793844707119238,
            -6.4721226793498055,
            2.7519245080008568,
            7.986315831799226,
            7.3152587880347,
            2.5994700668114064,
            -2.1734675285573166,
            -3.9636014431268767,
            -2.23293471391687,
            1.170755829436568,
            3.7147459367655915,
            3.8341373429913883,
            1.3781242836918537,
            -2.014669705474181,
            -3.9650252234947283,
            -3.585321952016437
          ]
        ],
        "info": {
          "channelNames": [
            "CP3",
            "C3",
            "F5",
            "PO3",
            "PO4",
            "F6",
            "C4",
            "CP4"
          ],
          "notchFrequency": "60Hz",
          "samplingRate": 256,
          "startTime": 1703806075140.928
        },
        "label": "raw"
      }
    
    ]
    








}